MortScaleName,Gender,TableID,Age,ImprovementRate
AA,F,923,1,0.0200
AA,F,923,2,0.0200
AA,F,923,3,0.0200
AA,F,923,4,0.0200
AA,F,923,5,0.0200
AA,F,923,6,0.0200
AA,F,923,7,0.0200
AA,F,923,8,0.0200
AA,F,923,9,0.0200
AA,F,923,10,0.0200
AA,F,923,11,0.0200
AA,F,923,12,0.0200
AA,F,923,13,0.0200
AA,F,923,14,0.0180
AA,F,923,15,0.0160
AA,F,923,16,0.0150
AA,F,923,17,0.0140
AA,F,923,18,0.0140
AA,F,923,19,0.0150
AA,F,923,20,0.0160
AA,F,923,21,0.0170
AA,F,923,22,0.0170
AA,F,923,23,0.0160
AA,F,923,24,0.0150
AA,F,923,25,0.0140
AA,F,923,26,0.0120
AA,F,923,27,0.0120
AA,F,923,28,0.0120
AA,F,923,29,0.0120
AA,F,923,30,0.0100
AA,F,923,31,0.0080
AA,F,923,32,0.0080
AA,F,923,33,0.0090
AA,F,923,34,0.0100
AA,F,923,35,0.0110
AA,F,923,36,0.0120
AA,F,923,37,0.0130
AA,F,923,38,0.0140
AA,F,923,39,0.0150
AA,F,923,40,0.0150
AA,F,923,41,0.0150
AA,F,923,42,0.0150
AA,F,923,43,0.0150
AA,F,923,44,0.0150
AA,F,923,45,0.0160
AA,F,923,46,0.0170
AA,F,923,47,0.0180
AA,F,923,48,0.0180
AA,F,923,49,0.0180
AA,F,923,50,0.0170
AA,F,923,51,0.0160
AA,F,923,52,0.0140
AA,F,923,53,0.0120
AA,F,923,54,0.0100
AA,F,923,55,0.0080
AA,F,923,56,0.0060
AA,F,923,57,0.0050
AA,F,923,58,0.0050
AA,F,923,59,0.0050
AA,F,923,60,0.0050
AA,F,923,61,0.0050
AA,F,923,62,0.0050
AA,F,923,63,0.0050
AA,F,923,64,0.0050
AA,F,923,65,0.0050
AA,F,923,66,0.0050
AA,F,923,67,0.0050
AA,F,923,68,0.0050
AA,F,923,69,0.0050
AA,F,923,70,0.0050
AA,F,923,71,0.0060
AA,F,923,72,0.0060
AA,F,923,73,0.0070
AA,F,923,74,0.0070
AA,F,923,75,0.0080
AA,F,923,76,0.0080
AA,F,923,77,0.0070
AA,F,923,78,0.0070
AA,F,923,79,0.0070
AA,F,923,80,0.0070
AA,F,923,81,0.0070
AA,F,923,82,0.0070
AA,F,923,83,0.0070
AA,F,923,84,0.0070
AA,F,923,85,0.0060
AA,F,923,86,0.0050
AA,F,923,87,0.0040
AA,F,923,88,0.0040
AA,F,923,89,0.0030
AA,F,923,90,0.0030
AA,F,923,91,0.0030
AA,F,923,92,0.0030
AA,F,923,93,0.0020
AA,F,923,94,0.0020
AA,F,923,95,0.0020
AA,F,923,96,0.0020
AA,F,923,97,0.0010
AA,F,923,98,0.0010
AA,F,923,99,0.0010
AA,F,923,100,0.0010
AA,F,923,101,0.0000
AA,F,923,102,0.0000
AA,F,923,103,0.0000
AA,F,923,104,0.0000
AA,F,923,105,0.0000
AA,F,923,106,0.0000
AA,F,923,107,0.0000
AA,F,923,108,0.0000
AA,F,923,109,0.0000
AA,F,923,110,0.0000
AA,F,923,111,0.0000
AA,F,923,112,0.0000
AA,F,923,113,0.0000
AA,F,923,114,0.0000
AA,F,923,115,0.0000
AA,F,923,116,0.0000
AA,F,923,117,0.0000
AA,F,923,118,0.0000
AA,F,923,119,0.0000
AA,F,923,120,0.0000
AA,M,924,1,0.0200
AA,M,924,2,0.0200
AA,M,924,3,0.0200
AA,M,924,4,0.0200
AA,M,924,5,0.0200
AA,M,924,6,0.0200
AA,M,924,7,0.0200
AA,M,924,8,0.0200
AA,M,924,9,0.0200
AA,M,924,10,0.0200
AA,M,924,11,0.0200
AA,M,924,12,0.0200
AA,M,924,13,0.0200
AA,M,924,14,0.0190
AA,M,924,15,0.0190
AA,M,924,16,0.0190
AA,M,924,17,0.0190
AA,M,924,18,0.0190
AA,M,924,19,0.0190
AA,M,924,20,0.0190
AA,M,924,21,0.0180
AA,M,924,22,0.0170
AA,M,924,23,0.0150
AA,M,924,24,0.0130
AA,M,924,25,0.0100
AA,M,924,26,0.0060
AA,M,924,27,0.0050
AA,M,924,28,0.0050
AA,M,924,29,0.0050
AA,M,924,30,0.0050
AA,M,924,31,0.0050
AA,M,924,32,0.0050
AA,M,924,33,0.0050
AA,M,924,34,0.0050
AA,M,924,35,0.0050
AA,M,924,36,0.0050
AA,M,924,37,0.0050
AA,M,924,38,0.0060
AA,M,924,39,0.0070
AA,M,924,40,0.0080
AA,M,924,41,0.0090
AA,M,924,42,0.0100
AA,M,924,43,0.0110
AA,M,924,44,0.0120
AA,M,924,45,0.0130
AA,M,924,46,0.0140
AA,M,924,47,0.0150
AA,M,924,48,0.0160
AA,M,924,49,0.0170
AA,M,924,50,0.0180
AA,M,924,51,0.0190
AA,M,924,52,0.0200
AA,M,924,53,0.0200
AA,M,924,54,0.0200
AA,M,924,55,0.0190
AA,M,924,56,0.0180
AA,M,924,57,0.0170
AA,M,924,58,0.0160
AA,M,924,59,0.0160
AA,M,924,60,0.0160
AA,M,924,61,0.0150
AA,M,924,62,0.0150
AA,M,924,63,0.0140
AA,M,924,64,0.0140
AA,M,924,65,0.0140
AA,M,924,66,0.0130
AA,M,924,67,0.0130
AA,M,924,68,0.0140
AA,M,924,69,0.0140
AA,M,924,70,0.0150
AA,M,924,71,0.0150
AA,M,924,72,0.0150
AA,M,924,73,0.0150
AA,M,924,74,0.0150
AA,M,924,75,0.0140
AA,M,924,76,0.0140
AA,M,924,77,0.0130
AA,M,924,78,0.0120
AA,M,924,79,0.0110
AA,M,924,80,0.0100
AA,M,924,81,0.0090
AA,M,924,82,0.0080
AA,M,924,83,0.0080
AA,M,924,84,0.0070
AA,M,924,85,0.0070
AA,M,924,86,0.0070
AA,M,924,87,0.0060
AA,M,924,88,0.0050
AA,M,924,89,0.0050
AA,M,924,90,0.0040
AA,M,924,91,0.0040
AA,M,924,92,0.0030
AA,M,924,93,0.0030
AA,M,924,94,0.0030
AA,M,924,95,0.0020
AA,M,924,96,0.0020
AA,M,924,97,0.0020
AA,M,924,98,0.0010
AA,M,924,99,0.0010
AA,M,924,100,0.0010
AA,M,924,101,0.0000
AA,M,924,102,0.0000
AA,M,924,103,0.0000
AA,M,924,104,0.0000
AA,M,924,105,0.0000
AA,M,924,106,0.0000
AA,M,924,107,0.0000
AA,M,924,108,0.0000
AA,M,924,109,0.0000
AA,M,924,110,0.0000
AA,M,924,111,0.0000
AA,M,924,112,0.0000
AA,M,924,113,0.0000
AA,M,924,114,0.0000
AA,M,924,115,0.0000
AA,M,924,116,0.0000
AA,M,924,117,0.0000
AA,M,924,118,0.0000
AA,M,924,119,0.0000
AA,M,924,120,0.0000
BB_1D,M,1511,20,0.0030
BB_1D,M,1511,21,0.0030
BB_1D,M,1511,22,0.0030
BB_1D,M,1511,23,0.0030
BB_1D,M,1511,24,0.0030
BB_1D,M,1511,25,0.0030
BB_1D,M,1511,26,0.0030
BB_1D,M,1511,27,0.0030
BB_1D,M,1511,28,0.0030
BB_1D,M,1511,29,0.0030
BB_1D,M,1511,30,0.0030
BB_1D,M,1511,31,0.0030
BB_1D,M,1511,32,0.0030
BB_1D,M,1511,33,0.0030
BB_1D,M,1511,34,0.0030
BB_1D,M,1511,35,0.0030
BB_1D,M,1511,36,0.0030
BB_1D,M,1511,37,0.0030
BB_1D,M,1511,38,0.0030
BB_1D,M,1511,39,0.0030
BB_1D,M,1511,40,0.0030
BB_1D,M,1511,41,0.0030
BB_1D,M,1511,42,0.0030
BB_1D,M,1511,43,0.0030
BB_1D,M,1511,44,0.0030
BB_1D,M,1511,45,0.0030
BB_1D,M,1511,46,0.0030
BB_1D,M,1511,47,0.0030
BB_1D,M,1511,48,0.0030
BB_1D,M,1511,49,0.0030
BB_1D,M,1511,50,0.0030
BB_1D,M,1511,51,0.0030
BB_1D,M,1511,52,0.0030
BB_1D,M,1511,53,0.0030
BB_1D,M,1511,54,0.0030
BB_1D,M,1511,55,0.0030
BB_1D,M,1511,56,0.0030
BB_1D,M,1511,57,0.0040
BB_1D,M,1511,58,0.0050
BB_1D,M,1511,59,0.0060
BB_1D,M,1511,60,0.0070
BB_1D,M,1511,61,0.0080
BB_1D,M,1511,62,0.0090
BB_1D,M,1511,63,0.0100
BB_1D,M,1511,64,0.0110
BB_1D,M,1511,65,0.0120
BB_1D,M,1511,66,0.0130
BB_1D,M,1511,67,0.0140
BB_1D,M,1511,68,0.0150
BB_1D,M,1511,69,0.0150
BB_1D,M,1511,70,0.0150
BB_1D,M,1511,71,0.0150
BB_1D,M,1511,72,0.0150
BB_1D,M,1511,73,0.0150
BB_1D,M,1511,74,0.0150
BB_1D,M,1511,75,0.0150
BB_1D,M,1511,76,0.0150
BB_1D,M,1511,77,0.0150
BB_1D,M,1511,78,0.0150
BB_1D,M,1511,79,0.0150
BB_1D,M,1511,80,0.0150
BB_1D,M,1511,81,0.0150
BB_1D,M,1511,82,0.0150
BB_1D,M,1511,83,0.0150
BB_1D,M,1511,84,0.0150
BB_1D,M,1511,85,0.0150
BB_1D,M,1511,86,0.0150
BB_1D,M,1511,87,0.0140
BB_1D,M,1511,88,0.0130
BB_1D,M,1511,89,0.0120
BB_1D,M,1511,90,0.0110
BB_1D,M,1511,91,0.0100
BB_1D,M,1511,92,0.0090
BB_1D,M,1511,93,0.0080
BB_1D,M,1511,94,0.0070
BB_1D,M,1511,95,0.0060
BB_1D,M,1511,96,0.0050
BB_1D,M,1511,97,0.0040
BB_1D,M,1511,98,0.0040
BB_1D,M,1511,99,0.0030
BB_1D,M,1511,100,0.0030
BB_1D,M,1511,101,0.0020
BB_1D,M,1511,102,0.0020
BB_1D,M,1511,103,0.0010
BB_1D,M,1511,104,0.0010
BB_1D,M,1511,105,0.0000
BB_1D,M,1511,106,0.0000
BB_1D,M,1511,107,0.0000
BB_1D,M,1511,108,0.0000
BB_1D,M,1511,109,0.0000
BB_1D,M,1511,110,0.0000
BB_1D,M,1511,111,0.0000
BB_1D,M,1511,112,0.0000
BB_1D,M,1511,113,0.0000
BB_1D,M,1511,114,0.0000
BB_1D,M,1511,115,0.0000
BB_1D,M,1511,116,0.0000
BB_1D,M,1511,117,0.0000
BB_1D,M,1511,118,0.0000
BB_1D,M,1511,119,0.0000
BB_1D,M,1511,120,0.0000
BB_1D,F,1512,20,0.0030
BB_1D,F,1512,21,0.0030
BB_1D,F,1512,22,0.0030
BB_1D,F,1512,23,0.0030
BB_1D,F,1512,24,0.0030
BB_1D,F,1512,25,0.0030
BB_1D,F,1512,26,0.0030
BB_1D,F,1512,27,0.0030
BB_1D,F,1512,28,0.0030
BB_1D,F,1512,29,0.0030
BB_1D,F,1512,30,0.0030
BB_1D,F,1512,31,0.0030
BB_1D,F,1512,32,0.0030
BB_1D,F,1512,33,0.0030
BB_1D,F,1512,34,0.0030
BB_1D,F,1512,35,0.0030
BB_1D,F,1512,36,0.0030
BB_1D,F,1512,37,0.0030
BB_1D,F,1512,38,0.0030
BB_1D,F,1512,39,0.0030
BB_1D,F,1512,40,0.0030
BB_1D,F,1512,41,0.0030
BB_1D,F,1512,42,0.0030
BB_1D,F,1512,43,0.0030
BB_1D,F,1512,44,0.0030
BB_1D,F,1512,45,0.0030
BB_1D,F,1512,46,0.0030
BB_1D,F,1512,47,0.0030
BB_1D,F,1512,48,0.0030
BB_1D,F,1512,49,0.0030
BB_1D,F,1512,50,0.0030
BB_1D,F,1512,51,0.0030
BB_1D,F,1512,52,0.0030
BB_1D,F,1512,53,0.0030
BB_1D,F,1512,54,0.0040
BB_1D,F,1512,55,0.0050
BB_1D,F,1512,56,0.0060
BB_1D,F,1512,57,0.0070
BB_1D,F,1512,58,0.0080
BB_1D,F,1512,59,0.0090
BB_1D,F,1512,60,0.0100
BB_1D,F,1512,61,0.0110
BB_1D,F,1512,62,0.0120
BB_1D,F,1512,63,0.0120
BB_1D,F,1512,64,0.0120
BB_1D,F,1512,65,0.0120
BB_1D,F,1512,66,0.0120
BB_1D,F,1512,67,0.0120
BB_1D,F,1512,68,0.0120
BB_1D,F,1512,69,0.0120
BB_1D,F,1512,70,0.0120
BB_1D,F,1512,71,0.0120
BB_1D,F,1512,72,0.0120
BB_1D,F,1512,73,0.0120
BB_1D,F,1512,74,0.0120
BB_1D,F,1512,75,0.0120
BB_1D,F,1512,76,0.0120
BB_1D,F,1512,77,0.0120
BB_1D,F,1512,78,0.0120
BB_1D,F,1512,79,0.0120
BB_1D,F,1512,80,0.0120
BB_1D,F,1512,81,0.0120
BB_1D,F,1512,82,0.0120
BB_1D,F,1512,83,0.0120
BB_1D,F,1512,84,0.0120
BB_1D,F,1512,85,0.0120
BB_1D,F,1512,86,0.0120
BB_1D,F,1512,87,0.0120
BB_1D,F,1512,88,0.0120
BB_1D,F,1512,89,0.0120
BB_1D,F,1512,90,0.0110
BB_1D,F,1512,91,0.0100
BB_1D,F,1512,92,0.0090
BB_1D,F,1512,93,0.0080
BB_1D,F,1512,94,0.0070
BB_1D,F,1512,95,0.0060
BB_1D,F,1512,96,0.0050
BB_1D,F,1512,97,0.0040
BB_1D,F,1512,98,0.0040
BB_1D,F,1512,99,0.0030
BB_1D,F,1512,100,0.0030
BB_1D,F,1512,101,0.0020
BB_1D,F,1512,102,0.0020
BB_1D,F,1512,103,0.0010
BB_1D,F,1512,104,0.0010
BB_1D,F,1512,105,0.0000
BB_1D,F,1512,106,0.0000
BB_1D,F,1512,107,0.0000
BB_1D,F,1512,108,0.0000
BB_1D,F,1512,109,0.0000
BB_1D,F,1512,110,0.0000
BB_1D,F,1512,111,0.0000
BB_1D,F,1512,112,0.0000
BB_1D,F,1512,113,0.0000
BB_1D,F,1512,114,0.0000
BB_1D,F,1512,115,0.0000
BB_1D,F,1512,116,0.0000
BB_1D,F,1512,117,0.0000
BB_1D,F,1512,118,0.0000
BB_1D,F,1512,119,0.0000
BB_1D,F,1512,120,0.0000
G2,M,2583,0,0.0100
G2,M,2583,1,0.0100
G2,M,2583,2,0.0100
G2,M,2583,3,0.0100
G2,M,2583,4,0.0100
G2,M,2583,5,0.0100
G2,M,2583,6,0.0100
G2,M,2583,7,0.0100
G2,M,2583,8,0.0100
G2,M,2583,9,0.0100
G2,M,2583,10,0.0100
G2,M,2583,11,0.0100
G2,M,2583,12,0.0100
G2,M,2583,13,0.0100
G2,M,2583,14,0.0100
G2,M,2583,15,0.0100
G2,M,2583,16,0.0100
G2,M,2583,17,0.0100
G2,M,2583,18,0.0100
G2,M,2583,19,0.0100
G2,M,2583,20,0.0100
G2,M,2583,21,0.0100
G2,M,2583,22,0.0100
G2,M,2583,23,0.0100
G2,M,2583,24,0.0100
G2,M,2583,25,0.0100
G2,M,2583,26,0.0100
G2,M,2583,27,0.0100
G2,M,2583,28,0.0100
G2,M,2583,29,0.0100
G2,M,2583,30,0.0100
G2,M,2583,31,0.0100
G2,M,2583,32,0.0100
G2,M,2583,33,0.0100
G2,M,2583,34,0.0100
G2,M,2583,35,0.0100
G2,M,2583,36,0.0100
G2,M,2583,37,0.0100
G2,M,2583,38,0.0100
G2,M,2583,39,0.0100
G2,M,2583,40,0.0100
G2,M,2583,41,0.0100
G2,M,2583,42,0.0100
G2,M,2583,43,0.0100
G2,M,2583,44,0.0100
G2,M,2583,45,0.0100
G2,M,2583,46,0.0100
G2,M,2583,47,0.0100
G2,M,2583,48,0.0100
G2,M,2583,49,0.0100
G2,M,2583,50,0.0100
G2,M,2583,51,0.0110
G2,M,2583,52,0.0110
G2,M,2583,53,0.0120
G2,M,2583,54,0.0120
G2,M,2583,55,0.0130
G2,M,2583,56,0.0130
G2,M,2583,57,0.0140
G2,M,2583,58,0.0140
G2,M,2583,59,0.0150
G2,M,2583,60,0.0150
G2,M,2583,61,0.0150
G2,M,2583,62,0.0150
G2,M,2583,63,0.0150
G2,M,2583,64,0.0150
G2,M,2583,65,0.0150
G2,M,2583,66,0.0150
G2,M,2583,67,0.0150
G2,M,2583,68,0.0150
G2,M,2583,69,0.0150
G2,M,2583,70,0.0150
G2,M,2583,71,0.0150
G2,M,2583,72,0.0150
G2,M,2583,73,0.0150
G2,M,2583,74,0.0150
G2,M,2583,75,0.0150
G2,M,2583,76,0.0150
G2,M,2583,77,0.0150
G2,M,2583,78,0.0150
G2,M,2583,79,0.0150
G2,M,2583,80,0.0150
G2,M,2583,81,0.0140
G2,M,2583,82,0.0130
G2,M,2583,83,0.0130
G2,M,2583,84,0.0120
G2,M,2583,85,0.0110
G2,M,2583,86,0.0100
G2,M,2583,87,0.0090
G2,M,2583,88,0.0090
G2,M,2583,89,0.0080
G2,M,2583,90,0.0070
G2,M,2583,91,0.0070
G2,M,2583,92,0.0060
G2,M,2583,93,0.0050
G2,M,2583,94,0.0050
G2,M,2583,95,0.0040
G2,M,2583,96,0.0040
G2,M,2583,97,0.0030
G2,M,2583,98,0.0030
G2,M,2583,99,0.0020
G2,M,2583,100,0.0020
G2,M,2583,101,0.0020
G2,M,2583,102,0.0010
G2,M,2583,103,0.0010
G2,M,2583,104,0.0000
G2,M,2583,105,0.0000
G3,F,2584,0,0.0100
G3,F,2584,1,0.0100
G3,F,2584,2,0.0100
G3,F,2584,3,0.0100
G3,F,2584,4,0.0100
G3,F,2584,5,0.0100
G3,F,2584,6,0.0100
G3,F,2584,7,0.0100
G3,F,2584,8,0.0100
G3,F,2584,9,0.0100
G3,F,2584,10,0.0100
G3,F,2584,11,0.0100
G3,F,2584,12,0.0100
G3,F,2584,13,0.0100
G3,F,2584,14,0.0100
G3,F,2584,15,0.0100
G3,F,2584,16,0.0100
G3,F,2584,17,0.0100
G3,F,2584,18,0.0100
G3,F,2584,19,0.0100
G3,F,2584,20,0.0100
G3,F,2584,21,0.0100
G3,F,2584,22,0.0100
G3,F,2584,23,0.0100
G3,F,2584,24,0.0100
G3,F,2584,25,0.0100
G3,F,2584,26,0.0100
G3,F,2584,27,0.0100
G3,F,2584,28,0.0100
G3,F,2584,29,0.0100
G3,F,2584,30,0.0100
G3,F,2584,31,0.0100
G3,F,2584,32,0.0100
G3,F,2584,33,0.0100
G3,F,2584,34,0.0100
G3,F,2584,35,0.0100
G3,F,2584,36,0.0100
G3,F,2584,37,0.0100
G3,F,2584,38,0.0100
G3,F,2584,39,0.0100
G3,F,2584,40,0.0100
G3,F,2584,41,0.0100
G3,F,2584,42,0.0100
G3,F,2584,43,0.0100
G3,F,2584,44,0.0100
G3,F,2584,45,0.0100
G3,F,2584,46,0.0100
G3,F,2584,47,0.0100
G3,F,2584,48,0.0100
G3,F,2584,49,0.0100
G3,F,2584,50,0.0100
G3,F,2584,51,0.0100
G3,F,2584,52,0.0110
G3,F,2584,53,0.0110
G3,F,2584,54,0.0110
G3,F,2584,55,0.0120
G3,F,2584,56,0.0120
G3,F,2584,57,0.0120
G3,F,2584,58,0.0120
G3,F,2584,59,0.0130
G3,F,2584,60,0.0130
G3,F,2584,61,0.0130
G3,F,2584,62,0.0130
G3,F,2584,63,0.0130
G3,F,2584,64,0.0130
G3,F,2584,65,0.0130
G3,F,2584,66,0.0130
G3,F,2584,67,0.0130
G3,F,2584,68,0.0130
G3,F,2584,69,0.0130
G3,F,2584,70,0.0130
G3,F,2584,71,0.0130
G3,F,2584,72,0.0130
G3,F,2584,73,0.0130
G3,F,2584,74,0.0130
G3,F,2584,75,0.0130
G3,F,2584,76,0.0130
G3,F,2584,77,0.0130
G3,F,2584,78,0.0130
G3,F,2584,79,0.0130
G3,F,2584,80,0.0130
G3,F,2584,81,0.0120
G3,F,2584,82,0.0120
G3,F,2584,83,0.0110
G3,F,2584,84,0.0100
G3,F,2584,85,0.0100
G3,F,2584,86,0.0090
G3,F,2584,87,0.0080
G3,F,2584,88,0.0070
G3,F,2584,89,0.0070
G3,F,2584,90,0.0060
G3,F,2584,91,0.0060
G3,F,2584,92,0.0050
G3,F,2584,93,0.0050
G3,F,2584,94,0.0040
G3,F,2584,95,0.0040
G3,F,2584,96,0.0040
G3,F,2584,97,0.0030
G3,F,2584,98,0.0030
G3,F,2584,99,0.0020
G3,F,2584,100,0.0020
G3,F,2584,101,0.0020
G3,F,2584,102,0.0010
G3,F,2584,103,0.0010
G3,F,2584,104,0.0000
G3,F,2584,105,0.0000
CPM2014_B1,M,2796,18,0.0102
CPM2014_B1,M,2796,19,0.0096
CPM2014_B1,M,2796,20,0.0089
CPM2014_B1,M,2796,21,0.0081
CPM2014_B1,M,2796,22,0.0070
CPM2014_B1,M,2796,23,0.0074
CPM2014_B1,M,2796,24,0.0077
CPM2014_B1,M,2796,25,0.0079
CPM2014_B1,M,2796,26,0.0082
CPM2014_B1,M,2796,27,0.0084
CPM2014_B1,M,2796,28,0.0098
CPM2014_B1,M,2796,29,0.0113
CPM2014_B1,M,2796,30,0.0130
CPM2014_B1,M,2796,31,0.0148
CPM2014_B1,M,2796,32,0.0168
CPM2014_B1,M,2796,33,0.0165
CPM2014_B1,M,2796,34,0.0164
CPM2014_B1,M,2796,35,0.0163
CPM2014_B1,M,2796,36,0.0161
CPM2014_B1,M,2796,37,0.0159
CPM2014_B1,M,2796,38,0.0154
CPM2014_B1,M,2796,39,0.0148
CPM2014_B1,M,2796,40,0.0142
CPM2014_B1,M,2796,41,0.0135
CPM2014_B1,M,2796,42,0.0128
CPM2014_B1,M,2796,43,0.0112
CPM2014_B1,M,2796,44,0.0094
CPM2014_B1,M,2796,45,0.0073
CPM2014_B1,M,2796,46,0.0052
CPM2014_B1,M,2796,47,0.0028
CPM2014_B1,M,2796,48,0.0019
CPM2014_B1,M,2796,49,0.0009
CPM2014_B1,M,2796,50,-0.0002
CPM2014_B1,M,2796,51,-0.0002
CPM2014_B1,M,2796,52,-0.0001
CPM2014_B1,M,2796,53,0.0002
CPM2014_B1,M,2796,54,0.0007
CPM2014_B1,M,2796,55,0.0014
CPM2014_B1,M,2796,56,0.0023
CPM2014_B1,M,2796,57,0.0033
CPM2014_B1,M,2796,58,0.0041
CPM2014_B1,M,2796,59,0.0049
CPM2014_B1,M,2796,60,0.0055
CPM2014_B1,M,2796,61,0.0059
CPM2014_B1,M,2796,62,0.0063
CPM2014_B1,M,2796,63,0.0068
CPM2014_B1,M,2796,64,0.0074
CPM2014_B1,M,2796,65,0.0081
CPM2014_B1,M,2796,66,0.0081
CPM2014_B1,M,2796,67,0.0083
CPM2014_B1,M,2796,68,0.0087
CPM2014_B1,M,2796,69,0.0092
CPM2014_B1,M,2796,70,0.0099
CPM2014_B1,M,2796,71,0.0106
CPM2014_B1,M,2796,72,0.0114
CPM2014_B1,M,2796,73,0.0123
CPM2014_B1,M,2796,74,0.0132
CPM2014_B1,M,2796,75,0.0142
CPM2014_B1,M,2796,76,0.0153
CPM2014_B1,M,2796,77,0.0163
CPM2014_B1,M,2796,78,0.0174
CPM2014_B1,M,2796,79,0.0185
CPM2014_B1,M,2796,80,0.0195
CPM2014_B1,M,2796,81,0.0190
CPM2014_B1,M,2796,82,0.0183
CPM2014_B1,M,2796,83,0.0175
CPM2014_B1,M,2796,84,0.0165
CPM2014_B1,M,2796,85,0.0154
CPM2014_B1,M,2796,86,0.0143
CPM2014_B1,M,2796,87,0.0130
CPM2014_B1,M,2796,88,0.0117
CPM2014_B1,M,2796,89,0.0104
CPM2014_B1,M,2796,90,0.0089
CPM2014_B1,M,2796,91,0.0075
CPM2014_B1,M,2796,92,0.0059
CPM2014_B1,M,2796,93,0.0044
CPM2014_B1,M,2796,94,0.0028
CPM2014_B1,M,2796,95,0.0011
CPM2014_B1,M,2796,96,0.0010
CPM2014_B1,M,2796,97,0.0009
CPM2014_B1,M,2796,98,0.0009
CPM2014_B1,M,2796,99,0.0009
CPM2014_B1,M,2796,100,0.0009
CPM2014_B1,M,2796,101,0.0008
CPM2014_B1,M,2796,102,0.0008
CPM2014_B1,M,2796,103,0.0008
CPM2014_B1,M,2796,104,0.0008
CPM2014_B1,M,2796,105,0.0008
CPM2014_B1,M,2796,106,0.0008
CPM2014_B1,M,2796,107,0.0007
CPM2014_B1,M,2796,108,0.0007
CPM2014_B1,M,2796,109,0.0006
CPM2014_B1,M,2796,110,0.0006
CPM2014_B1,M,2796,111,0.0005
CPM2014_B1,M,2796,112,0.0004
CPM2014_B1,M,2796,113,0.0004
CPM2014_B1,M,2796,114,0.0003
CPM2014_B1,M,2796,115,0.0000
CPM2014_B1,F,2797,18,0.0129
CPM2014_B1,F,2797,19,0.0113
CPM2014_B1,F,2797,20,0.0096
CPM2014_B1,F,2797,21,0.0077
CPM2014_B1,F,2797,22,0.0057
CPM2014_B1,F,2797,23,0.0057
CPM2014_B1,F,2797,24,0.0056
CPM2014_B1,F,2797,25,0.0057
CPM2014_B1,F,2797,26,0.0056
CPM2014_B1,F,2797,27,0.0057
CPM2014_B1,F,2797,28,0.0057
CPM2014_B1,F,2797,29,0.0058
CPM2014_B1,F,2797,30,0.0061
CPM2014_B1,F,2797,31,0.0064
CPM2014_B1,F,2797,32,0.0069
CPM2014_B1,F,2797,33,0.0074
CPM2014_B1,F,2797,34,0.0080
CPM2014_B1,F,2797,35,0.0085
CPM2014_B1,F,2797,36,0.0090
CPM2014_B1,F,2797,37,0.0095
CPM2014_B1,F,2797,38,0.0096
CPM2014_B1,F,2797,39,0.0097
CPM2014_B1,F,2797,40,0.0097
CPM2014_B1,F,2797,41,0.0096
CPM2014_B1,F,2797,42,0.0094
CPM2014_B1,F,2797,43,0.0084
CPM2014_B1,F,2797,44,0.0073
CPM2014_B1,F,2797,45,0.0061
CPM2014_B1,F,2797,46,0.0048
CPM2014_B1,F,2797,47,0.0035
CPM2014_B1,F,2797,48,0.0033
CPM2014_B1,F,2797,49,0.0031
CPM2014_B1,F,2797,50,0.0029
CPM2014_B1,F,2797,51,0.0028
CPM2014_B1,F,2797,52,0.0027
CPM2014_B1,F,2797,53,0.0027
CPM2014_B1,F,2797,54,0.0028
CPM2014_B1,F,2797,55,0.0031
CPM2014_B1,F,2797,56,0.0034
CPM2014_B1,F,2797,57,0.0038
CPM2014_B1,F,2797,58,0.0042
CPM2014_B1,F,2797,59,0.0045
CPM2014_B1,F,2797,60,0.0049
CPM2014_B1,F,2797,61,0.0052
CPM2014_B1,F,2797,62,0.0056
CPM2014_B1,F,2797,63,0.0060
CPM2014_B1,F,2797,64,0.0065
CPM2014_B1,F,2797,65,0.0069
CPM2014_B1,F,2797,66,0.0070
CPM2014_B1,F,2797,67,0.0070
CPM2014_B1,F,2797,68,0.0070
CPM2014_B1,F,2797,69,0.0070
CPM2014_B1,F,2797,70,0.0069
CPM2014_B1,F,2797,71,0.0070
CPM2014_B1,F,2797,72,0.0071
CPM2014_B1,F,2797,73,0.0074
CPM2014_B1,F,2797,74,0.0077
CPM2014_B1,F,2797,75,0.0082
CPM2014_B1,F,2797,76,0.0088
CPM2014_B1,F,2797,77,0.0094
CPM2014_B1,F,2797,78,0.0101
CPM2014_B1,F,2797,79,0.0108
CPM2014_B1,F,2797,80,0.0116
CPM2014_B1,F,2797,81,0.0122
CPM2014_B1,F,2797,82,0.0129
CPM2014_B1,F,2797,83,0.0134
CPM2014_B1,F,2797,84,0.0139
CPM2014_B1,F,2797,85,0.0145
CPM2014_B1,F,2797,86,0.0135
CPM2014_B1,F,2797,87,0.0125
CPM2014_B1,F,2797,88,0.0114
CPM2014_B1,F,2797,89,0.0103
CPM2014_B1,F,2797,90,0.0091
CPM2014_B1,F,2797,91,0.0076
CPM2014_B1,F,2797,92,0.0061
CPM2014_B1,F,2797,93,0.0045
CPM2014_B1,F,2797,94,0.0029
CPM2014_B1,F,2797,95,0.0012
CPM2014_B1,F,2797,96,0.0011
CPM2014_B1,F,2797,97,0.0010
CPM2014_B1,F,2797,98,0.0010
CPM2014_B1,F,2797,99,0.0009
CPM2014_B1,F,2797,100,0.0009
CPM2014_B1,F,2797,101,0.0009
CPM2014_B1,F,2797,102,0.0009
CPM2014_B1,F,2797,103,0.0008
CPM2014_B1,F,2797,104,0.0008
CPM2014_B1,F,2797,105,0.0008
CPM2014_B1,F,2797,106,0.0008
CPM2014_B1,F,2797,107,0.0008
CPM2014_B1,F,2797,108,0.0007
CPM2014_B1,F,2797,109,0.0006
CPM2014_B1,F,2797,110,0.0006
CPM2014_B1,F,2797,111,0.0005
CPM2014_B1,F,2797,112,0.0004
CPM2014_B1,F,2797,113,0.0004
CPM2014_B1,F,2797,114,0.0003
CPM2014_B1,F,2797,115,0.0000
